hospital_id,facility Name,facility type,Block,NAME OF PHC/CHC,location(district/region),Name of Officers In-Charge,Designation,Contact Number,Official Email id,network_id,Bed Strenth,Types of patients,Notes,Equipments
1,Civil Hospital Shillong,Govt/Civil,,,EAST KHASI HILLS,Dr Ailancy Kharjana,Surgeon Superintendent (Jt. DHS),8014065635,chshillong(at)gmail(dot)com,ML,600,"indoor patients, intensive care, long term care",All civil hospital are equipped with,"operation theatre,X-ray,labour room,laboratory facilities,MRI machine, CT Scan"
2,MIMHANS,Govt/Civil,,,EAST KHASI HILLS,Dr. Peter Kharnary,Additional Superintendent,9089845833,mimhans.shillong(at)gmail(dot)com,ML,150,"indoor patients, intensive care, long term care",mental health hospital,"operation theatre,X-ray,labour room,laboratory facilities"
3,R.P.Chest,Govt/Civil,,,EAST KHASI HILLS,Dr. Merimai Syiemlieh,STO-cum-Superintendent,9615610914,rpchshillong1943(at)yahoo(dot)com,ML,170,"indoor patients, intensive care, long term care",T.B. hospital,"operation theatre,X-ray,labour room,laboratory facilities"
4,Ganesh Das Govt MCH Hospital,Govt/Civil,,,EAST KHASI HILLS,Dr Wanbudmi Sutnga,Medical Superintendent (Jt.DHS),94361009977,msgdh.meg(at)rediffmail(dot)com,ML,400,"indoor patients, intensive care, long term care",MCH Hospital,"operation theatre,X-ray,labour room,laboratory facilities"
5,Civil Hospital Nongstoin,Govt/Civil,,,WEST KHASI HILLS,Dr. H.R..Sohkhlet,Medical Superintendent,9436171684,nongstoincivilhospital(at)gmail(dot)com,ML,100,"indoor patients, intensive care, long term care",,"operation theatre,X-ray,labour room,laboratory facilities"
6,Tirot Sing Memorial Hospital,Govt/Civil,,,EASTERN WEST KHASI HILLS,Dr. Timothy Lyngdoh,Medical Superintendent,9612131400,tsmhmrg(at)gmail(dot)com,ML,100,"indoor patients, intensive care, long term care",,"operation theatre,X-ray,labour room,laboratory facilities"
7,Civil Hospital Jowai,Govt/Civil,,,WEST JAINTIA HILLS,Dr.Dawanki-ioo Lakiang,Superintendent,9485085151,civilhospitalialong(at)gmail(dot)com,ML,100,"indoor patients, intensive care, long term care",,"operation theatre,X-ray,labour room,laboratory facilities"
8,Civil Hospital Khliehriat,Govt/Civil,,,EAST JAINTIA HILLS,Dr. Alwin Lakiang,Medical Superintendent,9863158384/ 700519570,100beddedejhdkhlt(at)gmail(dot)com,ML,100,"indoor patients, intensive care, long term care",,"operation theatre,X-ray,labour room,laboratory facilities"
9,"100 Bedded MCH Panaliar, Jowai",Govt/Civil,,,WEST JAINTIA HILLS,Dr. Ebenezer War,Medical Superintendent,8974623672,100beddedmchwjh(at)gmail(dot)com,ML,100,"indoor patients, intensive care, long term care",MCH Hospital,"operation theatre,X-ray,labour room,laboratory facilities"
10,Civil Hospital Nongpoh,Govt/Civil,,,RI BHOI,Dr. Daphishisha Blah,Medical Superintendent,9366442652,civilhospitalnongpoh(at)gmail(dot)com,ML,100,"indoor patients, intensive care, long term care",,"operation theatre,X-ray,labour room,laboratory facilities"
11,Civil Hospital Williamnagar,Govt/Civil,,,EAST GARO HILLS,Dr. John Beryl K.Marak,Medical Superintendent,9436113108,mschospitalwilliam(at)gmail(dot)com,ML,100,"indoor patients, intensive care, long term care",,"operation theatre,X-ray,labour room,laboratory facilities"
12,Civil Hospital Tura,Govt/Civil,,,WEST GARO HILLS,Dr Kevin D.G.Momin,Superintendent (Jt. DHS),7005209084,turacivilhospital(at)gmail(dot)com,ML,200,"indoor patients, intensive care, long term care",,"operation theatre,X-ray,labour room,laboratory facilities"
13,District MCH Tura,Govt/Civil,,,WEST GARO HILLS,Dr Bollen S.Sangma,Medical Superintendent,9089479867,turadmch(at)ymail(dot)com,ML,50,"indoor patients, intensive care, long term care",MCH Hospital,"operation theatre,X-ray,labour room,laboratory facilities"
14,Civil Hospital Baghmara,Govt/Civil,,,SOUTH GARO HILLS,Dr. Calvaryn R. Marak,Medical Superintendent,7005199349,baghmaracivilhospital(at)gmail(dot)com,ML,100,"indoor patients, intensive care, long term care",,"operation theatre,X-ray,labour room,laboratory facilities"
15,Civil Hospital Ampati,Govt/Civil,,,SOUTH WEST GARO HILLS,Dr. (Mrs) Denisha P. Momin,Medical Superintendent,9436115647,ampaticivilhospital(at)gmail(dot)com,ML,100,"indoor patients, intensive care, long term care",,"operation theatre,X-ray,labour room,laboratory facilities"
16,"Civil Hospital, Mawkyrwat",Govt/Civil,,,SOUTH WEST KHASI HILLS,,,,,ML,100,"indoor patients, intensive care, long term care",,"operation theatre,X-ray,labour room,laboratory facilities"
17,SOHRA,CHC,,,EAST KHASI HILLS,,,,,ML,30, indoor patients,A CHC serves as a referral centre for 4 PHCs,
18,ICHAMATI(Under NGO),CHC,,,EAST KHASI HILLS,,,,,ML,30, indoor patients,,
19,SOHIONG,CHC,,,EAST KHASI HILLS,,,,,ML,30, indoor patients,,
20,MAWIONG,CHC,,,EAST KHASI HILLS,,,,,ML,30, indoor patients,,
21,PYNURSLA,CHC,,,EAST KHASI HILLS,,,,,ML,30, indoor patients,,
22,MAWSYNRAM,CHC,,,EAST KHASI HILLS,,,,,ML,30, indoor patients,,
23,MAWPHLANG,CHC,,,EAST KHASI HILLS,,,,,ML,30, indoor patients,,
24,NONGKHLAW,CHC,,,WEST KHASI HILLS,,,,,ML,30, indoor patients,,
25,RIANGDO,CHC,,,WEST KHASI HILLS,,,,,ML,30, indoor patients,,
26,RANIKOR,CHC,,,SOUTH WEST KHASI HILLS,,,,,ML,30, indoor patients,,
27,UMSNING,CHC,,,RI BHOI,,,,,ML,30, indoor patients,,
28,BHOIRYMBONG,CHC,,,RI BHOI,,,,,ML,30, indoor patients,,
29,PATHARKHMAH,CHC,,,RI BHOI,,,,,ML,30, indoor patients,,
30,SUTNGA,CHC,,,EAST JAINTIA HILLS,,,,,ML,30, indoor patients,,
31,NONGTALANG,CHC,,,WEST JAINTIA HILLS,,,,,ML,30, indoor patients,,
32,UMMULONG,CHC,,,WEST JAINTIA HILLS,,,,,ML,30, indoor patients,,
33,NAMDONG,CHC,,,WEST JAINTIA HILLS,,,,,ML,30, indoor patients,,
34,LASKEIN,CHC,,,WEST JAINTIA HILLS,,,,,ML,30, indoor patients,,
35,RONGJENG,CHC,,,EAST GARO HILLS,,,,,ML,30, indoor patients,,
36,DADENGRE,CHC,,,WEST GARO HILLS,,,,,ML,30, indoor patients,,
37,PHULBARI,CHC,,,WEST GARO HILLS,,,,,ML,30, indoor patients,,
38,SALSELLA,CHC,,,WEST GARO HILLS,,,,,ML,30, indoor patients,,
39,DALU,CHC,,,WEST GARO HILLS,,,,,ML,30, indoor patients,,
40,ALAGRE,CHC,,,WEST GARO HILLS,,,,,ML,30, indoor patients,,
41,BHAITBARI,CHC,,,WEST GARO HILLS,,,,,ML,30, indoor patients,,
42,RESUBELPARA,CHC,,,NORTH GARO HILLS,,,,,ML,30, indoor patients,,
43,MENDIPATHAR,CHC,,,NORTH GARO HILLS,,,,,ML,30, indoor patients,,
44,DAINADUBI,CHC,,,NORTH GARO HILLS,,,,,ML,30, indoor patients,,
45,CHOCKPOT,CHC,,,SOUTH GARO HILLS,,,,,ML,30, indoor patients,,
46,MAHENDRAGANJ,CHC,,,SOUTH WEST GARO HILLS,,,,,ML,30, indoor patients,,
47,SHELLA,PHC,SHELLA BHOLAGANJ,,EAST KHASI HILLS,,,,,ML,10, indoor patients,A PHC is the first contact point between the village community and the Medical Officer/It acts as a referral unit for 6 Sub-Centres,
48,MAWSAHEW,PHC,SHELLA BHOLAGANJ,,EAST KHASI HILLS,,,,,ML,10, indoor patients,,
49,LAITKYNSEW,PHC,SHELLA BHOLAGANJ,,EAST KHASI HILLS,,,,,ML,10, indoor patients,,
50,SOHBAR,PHC,SHELLA BHOLAGANJ,,EAST KHASI HILLS,,,,,ML,10, indoor patients,,
51,MAWLONG,PHC,SHELLA BHOLAGANJ,,EAST KHASI HILLS,,,,,ML,10, indoor patients,,
52,NONGSPUNG,PHC,MAWPHLANG,,EAST KHASI HILLS,,,,,ML,10, indoor patients,,
53,WEILYNGKUT,PHC,MAWPHLANG,,EAST KHASI HILLS,,,,,ML,10, indoor patients,,
54,MAWLAI MAWROH,PHC,MYLLIEM,,EAST KHASI HILLS,,,,,ML,10, indoor patients,,
55,POMLUM,PHC,MYLLIEM,,EAST KHASI HILLS,,,,,ML,10, indoor patients,,
56,DIENGIEI,PHC,MYLLIEM,,EAST KHASI HILLS,,,,,ML,10, indoor patients,,
57,MAWSIATKHNAM,PHC,MYLLIEM,,EAST KHASI HILLS,,,,,ML,10, indoor patients,,
58,MAWRYNGKNENG,PHC,MAWRYNGKNENG,,EAST KHASI HILLS,,,,,ML,10, indoor patients,,
59,DIENGPASOH,PHC,MAWRYNGKNENG,,EAST KHASI HILLS,,,,,ML,10, indoor patients,,
60,SMIT,PHC,MAWRYNGKNENG,,EAST KHASI HILLS,,,,,ML,10, indoor patients,,
61,JATAH,PHC,MAWRYNGKNENG,,EAST KHASI HILLS,,,,,ML,10, indoor patients,,
62,MAWKYNREW,PHC,MAWKYNREW,,EAST KHASI HILLS,,,,,ML,10, indoor patients,,
63,JONGKSHA,PHC,MAWKYNREW,,EAST KHASI HILLS,,,,,ML,10, indoor patients,,
64,PONGTUNG,PHC,PYNURSLA,,EAST KHASI HILLS,,,,,ML,10, indoor patients,,
65,WAHSHERKHMUT,PHC,PYNURSLA,,EAST KHASI HILLS,,,,,ML,10, indoor patients,,
66,MAWKLIAW,PHC,PYNURSLA,,EAST KHASI HILLS,,,,,ML,10, indoor patients,,
67,DANGAR,PHC,MAWSYNRAM,,EAST KHASI HILLS,,,,,ML,10, indoor patients,,
68,LAWBAH,PHC,MAWSYNRAM,,EAST KHASI HILLS,,,,,ML,10, indoor patients,,
69,RYNGKU,PHC,MAWSYNRAM,,EAST KHASI HILLS,,,,,ML,10, indoor patients,,
70,LAITLYNGKOT,PHC,LAITKROH,,EAST KHASI HILLS,,,,,ML,10, indoor patients,,
71,LAITRYNGEW,PHC,LAITKROH,,EAST KHASI HILLS,,,,,ML,10, indoor patients,,
72,SWER,PHC,LAITKROH,,EAST KHASI HILLS,,,,,ML,10, indoor patients,,
73,KHATARSHNONG,PHC,LAITKROH,,EAST KHASI HILLS,,,,,ML,10, indoor patients,,
74,SHALLANG,PHC,MAWSHYNRUT,,WEST KHASI HILLS,,,,,ML,10, indoor patients,,
75,NONGLANG,PHC,MAWSHYNRUT,,WEST KHASI HILLS,,,,,ML,10, indoor patients,,
76,ARADONGA,PHC,MAWSHYNRUT,,WEST KHASI HILLS,,,,,ML,10, indoor patients,,
77,RAMBRAI,PHC,NONGSTOIN,,WEST KHASI HILLS,,,,,ML,10, indoor patients,,
78,MAWEIT,PHC,NONGSTOIN,,WEST KHASI HILLS,,,,,ML,10, indoor patients,,
79,MARKASA,PHC,MAWTHADRAISHAN,,EASTERN WEST KHASI HILLS,,,,,ML,10, indoor patients,,
80,PARIONG,PHC,MAWTHADRAISHAN,,EASTERN WEST KHASI HILLS,,,,,ML,10, indoor patients,,
81,KYNSHI,PHC,MAWTHADRAISHAN,,EASTERN WEST KHASI HILLS,,,,,ML,10, indoor patients,,
82,MYRIAW,PHC,MAWTHADRAISHAN,,EASTERN WEST KHASI HILLS,,,,,ML,10, indoor patients,,
83,DONGKI-INGDING,PHC,MAIRANG,,EASTERN WEST KHASI HILLS,,,,,ML,10, indoor patients,,
84,NONGUM,PHC,MAIRANG,,EASTERN WEST KHASI HILLS,,,,,ML,10, indoor patients,,
85,NONGTHLIEW,PHC,MAIRANG,,EASTERN WEST KHASI HILLS,,,,,ML,10, indoor patients,,
86,WAHRIT,PHC,MAIRANG,,EASTERN WEST KHASI HILLS,,,,,ML,10, indoor patients,,
87,MAROID,PHC,MAIRANG,,EASTERN WEST KHASI HILLS,,,,,ML,10, indoor patients,,
88,KYNRUD,PHC,MAIRANG,,EASTERN WEST KHASI HILLS,,,,,ML,10, indoor patients,,
89,LAITDOM,PHC,MAIRANG,,EASTERN WEST KHASI HILLS,,,,,ML,10, indoor patients,,
90,MAWTHAWPDAH,PHC,MAWKYRWAT,,SOUTH WEST KHASI HILLS,,,,,ML,10, indoor patients,,
91,WAHKAJI,PHC,MAWKYRWAT,,SOUTH WEST KHASI HILLS,,,,,ML,10, indoor patients,,
92,RANGTHONG,PHC,RANIKOR,,SOUTH WEST KHASI HILLS,,,,,ML,10, indoor patients,,
93,KHONJOY,PHC,RANIKOR,,SOUTH WEST KHASI HILLS,,,,,ML,10, indoor patients,,
94,MAWLASNAI,PHC,UMSNING,,RI BHOI,,,,,ML,10, indoor patients,,
95,KYRDEM,PHC,UMSNING,,RI BHOI,,,,,ML,10, indoor patients,,
96,UMTRAI,PHC,UMSNING,,RI BHOI,,,,,ML,10, indoor patients,,
97,MAWHATI,PHC,UMSNING,,RI BHOI,,,,,ML,10, indoor patients,,
98,UMDEN,PHC,UMLING,,RI BHOI,,,,,ML,10, indoor patients,,
99,BYRNIHAT,PHC,UMLING,,RI BHOI,,,,,ML,10, indoor patients,,
100,MARNGAR,PHC,UMLING,,RI BHOI,,,,,ML,10, indoor patients,,
101,MARMAIN PHC,PHC,UMLING,,RI BHOI,,,,,ML,10, indoor patients,,
102,WARMAWSAW,PHC,JIRANG,,RI BHOI,,,,,ML,10, indoor patients,,
103,LUMSHNONG,PHC,KHLIEHRIAT,,EAST JAINTIA HILLS,,,,,ML,10, indoor patients,,
104,UMKIANG,PHC,KHLIEHRIAT,,EAST JAINTIA HILLS,,,,,ML,10, indoor patients,,
105,WAPUNG PAMRA,PHC,KHLIEHRIAT,,EAST JAINTIA HILLS,,,,,ML,10, indoor patients,,
106,RYMBAI,PHC,KHLIEHRIAT,,EAST JAINTIA HILLS,,,,,ML,10, indoor patients,,
107,BATAW,PHC,KHLIEHRIAT,,EAST JAINTIA HILLS,,,,,ML,10, indoor patients,,
108,SAIPUNG,PHC,SAIPUNG,,EAST JAINTIA HILLS,,,,,ML,10, indoor patients,,
109,JARAIN,PHC,AMLAREM,,WEST JAINTIA HILLS,,,,,ML,10, indoor patients,,
110,PDENGSHAKAP,PHC,AMLAREM,,WEST JAINTIA HILLS,,,,,ML,10, indoor patients,,
111,DAWKI,PHC,AMLAREM,,WEST JAINTIA HILLS,,,,,ML,10, indoor patients,,
112,KHLIEHTYRSHI,PHC,THADLASKEIN,,WEST JAINTIA HILLS,,,,,ML,10, indoor patients,,
113,NANGBAH,PHC,THADLASKEIN,,WEST JAINTIA HILLS,,,,,ML,10, indoor patients,,
114,NARTIANG,PHC,THADLASKEIN,,WEST JAINTIA HILLS,,,,,ML,10, indoor patients,,
115,SHANGPUNG,PHC,LASKEIN,,WEST JAINTIA HILLS,,,,,ML,10, indoor patients,,
116,MYNSO,PHC,LASKEIN,,WEST JAINTIA HILLS,,,,,ML,10, indoor patients,,
117,IOOKSI,PHC,LASKEIN,,WEST JAINTIA HILLS,,,,,ML,10, indoor patients,,
118,BARATO,PHC,LASKEIN,,WEST JAINTIA HILLS,,,,,ML,10, indoor patients,,
119,SAHSNIANG,PHC,LASKEIN,,WEST JAINTIA HILLS,,,,,ML,10, indoor patients,,
120,MANGSANG,PHC,RONGJENG,,EAST GARO HILLS,,,,,ML,10, indoor patients,,
121,DOBU,PHC,RONGJENG,,EAST GARO HILLS,,,,,ML,10, indoor patients,,
122,SAMANDA,PHC,SAMANDA,,EAST GARO HILLS,,,,,ML,10, indoor patients,,
123,NENGMANDALGRE,PHC,SAMANDA,,EAST GARO HILLS,,,,,ML,10, indoor patients,,
124,BANSAMGRE,PHC,SAMANDA,,EAST GARO HILLS,,,,,ML,10, indoor patients,,
125,RONGRONG,PHC,SONGSAK,,EAST GARO HILLS,,,,,ML,10, indoor patients,,
126,DAGAL APAL,PHC,SONGSAK,,EAST GARO HILLS,,,,,ML,10, indoor patients,,
127,SONGSAK,PHC,SONGSAK,,EAST GARO HILLS,,,,,ML,10, indoor patients,,
128,TITRIKILLA,PHC,TIKRIKILLA,,WEST GARO HILLS,,,,,ML,10, indoor patients,,
129,PEDALDOBA,PHC,TIKRIKILLA,,WEST GARO HILLS,,,,,ML,10, indoor patients,,
130,JELDUPARA,PHC,SALSELLA,,WEST GARO HILLS,,,,,ML,10, indoor patients,,
131,CHIBINANG,PHC,SALSELLA,,WEST GARO HILLS,,,,,ML,10, indoor patients,,
132,KASIABARI,PHC,SALSELLA,,WEST GARO HILLS,,,,,ML,10, indoor patients,,
133,DARENGRE,PHC,GAMBEGRE,,WEST GARO HILLS,,,,,ML,10, indoor patients,,
134,PURAKHASIA,PHC,GAMBEGRE,,WEST GARO HILLS,,,,,ML,10, indoor patients,,
135,KHERAPARA,PHC,DALU,,WEST GARO HILLS,,,,,ML,10, indoor patients,,
136,ASANANGRE,PHC,RONGRAM,,WEST GARO HILLS,,,,,ML,10, indoor patients,,
137,JENGJAL,PHC,RONGRAM,,WEST GARO HILLS,,,,,ML,10, indoor patients,,
138,BABADAM,PHC,RONGRAM,,WEST GARO HILLS,,,,,ML,10, indoor patients,,
139,BAJENGDOBA,PHC,RESUBELPARA,,NORTH GARO HILLS,,,,,ML,10, indoor patients,,
140,SAULMARI,PHC,RESUBELPARA,,NORTH GARO HILLS,,,,,ML,10, indoor patients,,
141,DAMAS,PHC,RESUBELPARA,,NORTH GARO HILLS,,,,,ML,10, indoor patients,,
142,MANIKGANJ,PHC,RESUBELPARA,,NORTH GARO HILLS,,,,,ML,10, indoor patients,,
143,KHARKUTTA,PHC,KHARKUTTA,,NORTH GARO HILLS,,,,,ML,10, indoor patients,,
144,ADOKGRE,PHC,KHARKUTTA,,NORTH GARO HILLS,,,,,ML,10, indoor patients,,
145,WAGEASI,PHC,KHARKUTTA,,NORTH GARO HILLS,,,,,ML,10, indoor patients,,
146,RARI,PHC,SONGSAK,,NORTH GARO HILLS,,,,,ML,10, indoor patients,,
147,GABIL,PHC,SONGSAK,,NORTH GARO HILLS,,,,,ML,10, indoor patients,,
148,SILKIGRE,PHC,CHOKPOT,,SOUTH GARO HILLS,,,,,ML,10, indoor patients,,
149,NANGALBIBRA,PHC,BAGHMARA,,SOUTH GARO HILLS,,,,,ML,10, indoor patients,,
150,SIJU,PHC,BAGHMARA,,SOUTH GARO HILLS,,,,,ML,10, indoor patients,,
151,RONGARA,PHC,RONGARA,,SOUTH GARO HILLS,,,,,ML,10, indoor patients,,
152,MAHESHKOLA,PHC,RONGARA,,SOUTH GARO HILLS,,,,,ML,10, indoor patients,,
153,SIBBARI,PHC,GASUAPARA,,SOUTH GARO HILLS,,,,,ML,10, indoor patients,,
154,ZIKZAG,PHC,ZIKZAG,,SOUTH WEST GARO HILLS,,,,,ML,10, indoor patients,,
155,KALAICHAR,PHC,ZIKZAG,,SOUTH WEST GARO HILLS,,,,,ML,10, indoor patients,,
156,NOGORPARA,PHC,ZIKZAG,,SOUTH WEST GARO HILLS,,,,,ML,10, indoor patients,,
157,SALMANPARA,PHC,ZIKZAG,,SOUTH WEST GARO HILLS,,,,,ML,10, indoor patients,,
158,BETASING,PHC,BETASING,,SOUTH WEST GARO HILLS,,,,,ML,10, indoor patients,,
159,RANGSAKONA,PHC,BETASING,,SOUTH WEST GARO HILLS,,,,,ML,10, indoor patients,,
160,BELBARI,PHC,BETASING,,SOUTH WEST GARO HILLS,,,,,ML,10, indoor patients,,
161,MELLIM,PHC,BETASING,,SOUTH WEST GARO HILLS,,,,,ML,10, indoor patients,,
162,GAROBADHA,PHC,BETASING,,SOUTH WEST GARO HILLS,,,,,ML,10, indoor patients,,
163,MAWTAWAR,SC,MYLLIEM BLOCK,MAWLAI MAWROH PHC,EAST KHASI HILLS,,,,,ML,,,A Sub Centre is the most peripheral contact point between the Primary Health Care System and the community/It is manned by one ANM and a Chowkidar,
164,UMLYMPUNG,SC,MYLLIEM BLOCK,POMLUM PHC,EAST KHASI HILLS,,,,,ML,,,,
165,MAWPYNTHIH,SC,MYLLIEM BLOCK,POMLUM PHC,EAST KHASI HILLS,,,,,ML,,,,
166,LIEWLONG,SC,MYLLIEM BLOCK,POMLUM PHC,EAST KHASI HILLS,,,,,ML,,,,
167,UMTHLONG,SC,MYLLIEM BLOCK,POMLUM PHC,EAST KHASI HILLS,,,,,ML,,,,
168,MYLLIEM LYNGKIEN,SC,MYLLIEM BLOCK,POMLUM PHC,EAST KHASI HILLS,,,,,ML,,,,
169,LAWMEI,SC,MYLLIEM BLOCK,DIENGIEI PHC,EAST KHASI HILLS,,,,,ML,,,,
170,KYNROH,SC,MYLLIEM BLOCK,DIENGIEI PHC,EAST KHASI HILLS,,,,,ML,,,,
171,LAWSOHTUN,SC,MYLLIEM BLOCK,LABAN ST DISPY,EAST KHASI HILLS,,,,,ML,,,,
172,NONGMYNSONG,SC,MYLLIEM BLOCK,RYNJAH ST DISPY,EAST KHASI HILLS,,,,,ML,,,,
173,MAWLYNREI,SC,MYLLIEM BLOCK,RYNJAH ST DISPY,EAST KHASI HILLS,,,,,ML,,,,
174,LAITJEM,SC,MYLLIEM BLOCK,POMLUM PHC,EAST KHASI HILLS,,,,,ML,,,,
175,UMRYNJAH,SC,MYLLIEM BLOCK,MAWSIATKHNAM PHC,EAST KHASI HILLS,,,,,ML,,,,
176,KHONGTHONG,SC,LAITKROH BLOCK,KHATARSHNONG PHC,EAST KHASI HILLS,,,,,ML,,,,
177,UMDIENGPOH,SC,LAITKROH BLOCK,SWER PHC,EAST KHASI HILLS,,,,,ML,,,,
178,MAWBEH,SC,LAITKROH BLOCK,SWER PHC,EAST KHASI HILLS,,,,,ML,,,,
179,MAWRAH,SC,LAITKROH BLOCK,SWER PHC,EAST KHASI HILLS,,,,,ML,,,,
180,MAWKDOK,SC,LAITKROH BLOCK,SWER PHC,EAST KHASI HILLS,,,,,ML,,,,
181,MAWLYNDIAR,SC,LAITKROH BLOCK,LAITRYNGEW PHC,EAST KHASI HILLS,,,,,ML,,,,
182,LADMAWPHLANG,SC,LAITKROH BLOCK,LAITRYNGEW PHC,EAST KHASI HILLS,,,,,ML,,,,
183,MAWKMA,SC,LAITKROH BLOCK,LAITRYNGEW PHC,EAST KHASI HILLS,,,,,ML,,,,
184,WAHKHEN,SC,LAITKROH BLOCK,LAITLYNGKOT PHC,EAST KHASI HILLS,,,,,ML,,,,
185,NONGKYNRIH,SC,LAITKROH BLOCK,LAITLYNGKOT PHC,EAST KHASI HILLS,,,,,ML,,,,
186,TYRNA,SC,SHELLA BHOLAGANJ BLOCK,LAITKYNSEW PHC,EAST KHASI HILLS,,,,,ML,,,,
187,MUSTOH,SC,SHELLA BHOLAGANJ BLOCK,LAITKYNSEW PHC,EAST KHASI HILLS,,,,,ML,,,,
188,SOHLAP,SC,SHELLA BHOLAGANJ BLOCK,SHELLA PHC,EAST KHASI HILLS,,,,,ML,,,,
189,MAWPHU,SC,SHELLA BHOLAGANJ BLOCK,MAWSAHEW PHC,EAST KHASI HILLS,,,,,ML,,,,
190,RUMNONG,SC,SHELLA BHOLAGANJ BLOCK,MAWSAHEW PHC,EAST KHASI HILLS,,,,,ML,,,,
191,WAHKALIAR,SC,SHELLA BHOLAGANJ BLOCK,MAWSAHEW PHC,EAST KHASI HILLS,,,,,ML,,,,
192,LAITTYRA,SC,SHELLA BHOLAGANJ BLOCK,SOHBAR PHC,EAST KHASI HILLS,,,,,ML,,,,
193,WAHLONG,SC,SHELLA BHOLAGANJ BLOCK,SOHBAR PHC,EAST KHASI HILLS,,,,,ML,,,,
194,UMWAI,SC,SHELLA BHOLAGANJ BLOCK,SOHBAR PHC,EAST KHASI HILLS,,,,,ML,,,,
195,UPPER CHERRA,SC,SHELLA BHOLAGANJ BLOCK,SOHRA CHC,EAST KHASI HILLS,,,,,ML,,,,
196,MAJAI,SC,SHELLA BHOLAGANJ BLOCK,ICHAMATI CHC,EAST KHASI HILLS,,,,,ML,,,,
197,UMNIUH TMAR,SC,PYNURSLA BLOCK,WAHSHERKHMUT PHC,EAST KHASI HILLS,,,,,ML,,,,
198,LYNGKYRDEM,SC,PYNURSLA BLOCK,PYNURSLA CHC,EAST KHASI HILLS,,,,,ML,,,,
199,PYRNAI,SC,PYNURSLA BLOCK,PYNURSLA CHC,EAST KHASI HILLS,,,,,ML,,,,
200,NONGTYNGUR,SC,PYNURSLA BLOCK,PONGTUNG PHC,EAST KHASI HILLS,,,,,ML,,,,
201,NONGTHYMMAI,SC,PYNURSLA BLOCK,PONGTUNG PHC,EAST KHASI HILLS,,,,,ML,,,,
202,PYNTER,SC,PYNURSLA BLOCK,PONGTUNG PHC,EAST KHASI HILLS,,,,,ML,,,,
203,SYNTEIN,SC,MAWSYNRAM BLOCK,MAWSYNRAM CHC,EAST KHASI HILLS,,,,,ML,,,,
204,PHLANGWANBROI,SC,MAWSYNRAM BLOCK,MAWSYNRAM CHC,EAST KHASI HILLS,,,,,ML,,,,
205,NONGTRAI,SC,MAWSYNRAM BLOCK,MAWSYNRAM CHC,EAST KHASI HILLS,,,,,ML,,,,
206,LAWBAH,SC,MAWSYNRAM BLOCK,MAWSYNRAM CHC,EAST KHASI HILLS,,,,,ML,,,,
207,THIEDDIENG,SC,MAWSYNRAM BLOCK,MAWSYNRAM CHC,EAST KHASI HILLS,,,,,ML,,,,
208,SAW SYMPER,SC,MAWSYNRAM BLOCK,MAWSYNRAM CHC,EAST KHASI HILLS,,,,,ML,,,,
209,TYNGNGER,SC,MAWSYNRAM BLOCK,MAWSYNRAM CHC,EAST KHASI HILLS,,,,,ML,,,,
210,SONATOLA,SC,MAWSYNRAM BLOCK,DANGAR PHC,EAST KHASI HILLS,,,,,ML,,,,
211,UMPHYRNAI,SC,MAWRYNGKNENG BLOCK,MAWRYNGKNENG PHC,EAST KHASI HILLS,,,,,ML,,,,
212,SOHRYNGKHAM,SC,MAWRYNGKNENG BLOCK,MAWRYNGKNENG PHC,EAST KHASI HILLS,,,,,ML,,,,
213,MAWLYNGAD,SC,MAWRYNGKNENG BLOCK,MAWRYNGKNENG PHC,EAST KHASI HILLS,,,,,ML,,,,
214,KUT,SC,MAWRYNGKNENG BLOCK,MAWRYNGKNENG PHC,EAST KHASI HILLS,,,,,ML,,,,
215,MAWMUTHOH,SC,MAWRYNGKNENG BLOCK,SMIT PHC,EAST KHASI HILLS,,,,,ML,,,,
216,NONGKREM,SC,MAWRYNGKNENG BLOCK,SMIT PHC,EAST KHASI HILLS,,,,,ML,,,,
217,LAITKOR,SC,MAWRYNGKNENG BLOCK,SMIT PHC,EAST KHASI HILLS,,,,,ML,,,,
218,TYNRING,SC,MAWRYNGKNENG BLOCK,DIENGPASOH PHC,EAST KHASI HILLS,,,,,ML,,,,
219,MAWPDANG,SC,MAWRYNGKNENG BLOCK,DIENGPASOH PHC,EAST KHASI HILLS,,,,,ML,,,,
220,NONGHALI,SC,MAWRYNGKNENG BLOCK,DIENGPASOH PHC,EAST KHASI HILLS,,,,,ML,,,,
221,LYMPLUH,SC,MAWPHLANG BLOCK,NONGSPUNG PHC,EAST KHASI HILLS,,,,,ML,,,,
222,LYNGKHOI,SC,MAWPHLANG BLOCK,SOHIONG CHC,EAST KHASI HILLS,,,,,ML,,,,
223,KRANG,SC,MAWPHLANG BLOCK,SOHIONG CHC,EAST KHASI HILLS,,,,,ML,,,,
224,LAITNONGKSEH,SC,MAWPHLANG BLOCK,SOHIONG CHC,EAST KHASI HILLS,,,,,ML,,,,
225,WAHLANG,SC,MAWPHLANG BLOCK,SOHIONG CHC,EAST KHASI HILLS,,,,,ML,,,,
226,THAINTHYNROH,SC,MAWPHLANG BLOCK,MAWPHLANG CHC,EAST KHASI HILLS,,,,,ML,,,,
227,TYRSAD,SC,MAWPHLANG BLOCK,MAWPHLANG CHC,EAST KHASI HILLS,,,,,ML,,,,
228,MAWNGAP,SC,MAWPHLANG BLOCK,MAWPHLANG CHC,EAST KHASI HILLS,,,,,ML,,,,
229,LADMAWRENG,SC,MAWPHLANG BLOCK,MAWPHLANG CHC,EAST KHASI HILLS,,,,,ML,,,,
230,MAWSADANG,SC,MAWPHLANG BLOCK,MAWPHLANG CHC,EAST KHASI HILLS,,,,,ML,,,,
231,RANGSHKEN,SC,MAWPHLANG BLOCK,MAWPHLANG CHC,EAST KHASI HILLS,,,,,ML,,,,
232,MAWLAT,SC,MAWKYNREW BLOCK,MAWKYNREW PHC,EAST KHASI HILLS,,,,,ML,,,,
233,THANGSNING,SC,MAWKYNREW BLOCK,JONGKSHA PHC,EAST KHASI HILLS,,,,,ML,,,,
234,MAWLYNGNGOT,SC,MAWKYNREW BLOCK,JONGKSHA PHC,EAST KHASI HILLS,,,,,ML,,,,
235,PINGWAIT,SC,MAWKYNREW BLOCK,JONGKSHA PHC,EAST KHASI HILLS,,,,,ML,,,,
236,KHARANG,SC,MAWKYNREW BLOCK,JONGKSHA PHC,EAST KHASI HILLS,,,,,ML,,,,
237,THYNROIT,SC,MAWKYNREW BLOCK,JONGKSHA PHC,EAST KHASI HILLS,,,,,ML,,,,
238,MAWPYRSHONG,SC,MAWKYNREW BLOCK,JONGKSHA PHC,EAST KHASI HILLS,,,,,ML,,,,
239,NOHRON,SC,MAWKYNREW BLOCK,JATAH PHC,EAST KHASI HILLS,,,,,ML,,,,
240,SYNTUNG,SC,MAWKYNREW BLOCK,JATAH PHC,EAST KHASI HILLS,,,,,ML,,,,
241,RONGMIL,SC,RONGJENG BLOCK,RONGJENG CHC,EAST GARO HILLS,,,,,ML,,,,
242,RONGCHEK AKONG,SC,RONGJENG BLOCK,RONGJENG CHC,EAST GARO HILLS,,,,,ML,,,,
243,DARUGRE,SC,RONGJENG BLOCK,RONGJENG CHC,EAST GARO HILLS,,,,,ML,,,,
244,JAMBAL,SC,RONGJENG BLOCK,RONGJENG CHC,EAST GARO HILLS,,,,,ML,,,,
245,RONGDU DABIT,SC,RONGJENG BLOCK,RONGJENG CHC,EAST GARO HILLS,,,,,ML,,,,
246,NARINGGRE,SC,RONGJENG BLOCK,RONGJENG CHC,EAST GARO HILLS,,,,,ML,,,,
247,PAKREGRE,SC,RONGJENG BLOCK,RONGJENG CHC,EAST GARO HILLS,,,,,ML,,,,
248,CHIBOK APAL,SC,RONGJENG BLOCK,RONGJENG CHC,EAST GARO HILLS,,,,,ML,,,,
249,NONGCHRAM,SC,RONGJENG BLOCK,RONGJENG CHC,EAST GARO HILLS,,,,,ML,,,,
250,DAMBO MROK,SC,RONGJENG BLOCK,RONGJENG CHC,EAST GARO HILLS,,,,,ML,,,,
251,DAMBO RONGDENG,SC,RONGJENG BLOCK,RONGJENG CHC,EAST GARO HILLS,,,,,ML,,,,
252,NONGBAK APAL,SC,RONGJENG BLOCK,MANGSANG PHC,EAST GARO HILLS,,,,,ML,,,,
253,NENGKRAM,SC,RONGJENG BLOCK,MANGSANG PHC,EAST GARO HILLS,,,,,ML,,,,
254,NENGKRA,SC,SONGSAK BLOCK,DOBU PHC,EAST GARO HILLS,,,,,ML,,,,
255,DEWAGRE,SC,SONGSAK BLOCK,DOBU PHC,EAST GARO HILLS,,,,,ML,,,,
256,NOREK,SC,SONGSAK BLOCK,SONGSAK PHC,EAST GARO HILLS,,,,,ML,,,,
257,SONGSAK,SC,SONGSAK BLOCK,SONGSAK PHC,EAST GARO HILLS,,,,,ML,,,,
258,BARIKGRE,SC,SONGSAK BLOCK,SONGSAK PHC,EAST GARO HILLS,,,,,ML,,,,
259,ASIL,SC,SONGSAK BLOCK,SONGSAK PHC,EAST GARO HILLS,,,,,ML,,,,
260,SAMIN INDIKIM,SC,SONGSAK BLOCK,SONGSAK PHC,EAST GARO HILLS,,,,,ML,,,,
261,JAMGE,SC,SONGSAK BLOCK,SONGSAK PHC,EAST GARO HILLS,,,,,ML,,,,
262,KOKSI NENGSAT,SC,SONGSAK BLOCK,DAGAL APAL PHC,EAST GARO HILLS,,,,,ML,,,,
263,SIMSENG BONGGA,SC,SONGSAK BLOCK,DAGAL APAL PHC,EAST GARO HILLS,,,,,ML,,,,
264,CHERAN SONGMA,SC,SONGSAK BLOCK,DAGAL APAL PHC,EAST GARO HILLS,,,,,ML,,,,
265,DOBA APAL,SC,SONGSAK BLOCK,RONGRONG PHC,EAST GARO HILLS,,,,,ML,,,,
266,CHIADING,SC,SAMANDA BLOCK,BANSAMGRE PHC,EAST GARO HILLS,,,,,ML,,,,
267,MANDALGRE,SC,SAMANDA BLOCK,BANSAMGRE PHC,EAST GARO HILLS,,,,,ML,,,,
268,TOMBOLGRE,SC,SAMANDA BLOCK,BANSAMGRE PHC,EAST GARO HILLS,,,,,ML,,,,
269,GITOKGRE,SC,SAMANDA BLOCK,SAMANDA PHC,EAST GARO HILLS,,,,,ML,,,,
270,DOLWARI,SC,SAMANDA BLOCK,SAMANDA PHC,EAST GARO HILLS,,,,,ML,,,,
271,RONGBINGGRE,SC,SAMANDA BLOCK,NENGMANDALGRE,EAST GARO HILLS,,,,,ML,,,,
272,BOLKINGRE,SC,SAMANDA BLOCK,NENGMANDALGRE,EAST GARO HILLS,,,,,ML,,,,
273,SAMPALGRE,SC,SAMANDA BLOCK,NENGMANDALGRE,EAST GARO HILLS,,,,,ML,,,,
274,CHIEHRUPHI,SC,KHLIEHRIAT BLOCK,LUMSHNONG PHC,EAST JAINTIA HILLS,,,,,ML,,,,
275,KHADDUM,SC,KHLIEHRIAT BLOCK,LUMSHNONG PHC,EAST JAINTIA HILLS,,,,,ML,,,,
276,SUNAPUR,SC,KHLIEHRIAT BLOCK,LUMSHNONG PHC,EAST JAINTIA HILLS,,,,,ML,,,,
277,TUBER,SC,KHLIEHRIAT BLOCK,PAMRA PAITHLU PHC,EAST JAINTIA HILLS,,,,,ML,,,,
278,MOOKHAIALONG,SC,KHLIEHRIAT BLOCK,PAMRA PAITHLU PHC,EAST JAINTIA HILLS,,,,,ML,,,,
279,CHAM CHAM,SC,KHLIEHRIAT BLOCK,PAMRA PAITHLU PHC,EAST JAINTIA HILLS,,,,,ML,,,,
280,SOHKYNPHOR,SC,KHLIEHRIAT BLOCK,PAMRA PAITHLU PHC,EAST JAINTIA HILLS,,,,,ML,,,,
281,JALYIAH,SC,KHLIEHRIAT BLOCK,PAMRA PAITHLU PHC,EAST JAINTIA HILLS,,,,,ML,,,,
282,IONGKALUH,SC,KHLIEHRIAT BLOCK,PAMRA PAITHLU PHC,EAST JAINTIA HILLS,,,,,ML,,,,
283,RNGAD,SC,KHLIEHRIAT BLOCK,RYMBAI PHC,EAST JAINTIA HILLS,,,,,ML,,,,
284,IAPMALA,SC,KHLIEHRIAT BLOCK,RYMBAI PHC,EAST JAINTIA HILLS,,,,,ML,,,,
285,MOOLAMANOH,SC,KHLIEHRIAT BLOCK,RYMBAI PHC,EAST JAINTIA HILLS,,,,,ML,,,,
286,LAMA,SC,KHLIEHRIAT BLOCK,BATAW PHC,EAST JAINTIA HILLS,,,,,ML,,,,
287,UMMAT LAKADONG,SC,KHLIEHRIAT BLOCK,BATAW PHC,EAST JAINTIA HILLS,,,,,ML,,,,
288,NATBOR,SC,KHLIEHRIAT BLOCK,BATAW PHC,EAST JAINTIA HILLS,,,,,ML,,,,
289,DKHIAH,SC,KHLIEHRIAT BLOCK,KHLIEHRIAT CHC,EAST JAINTIA HILLS,,,,,ML,,,,
290,BYNDIHATI,SC,KHLIEHRIAT BLOCK,KHLIEHRIAT CHC,EAST JAINTIA HILLS,,,,,ML,,,,
291,LADRYMBAI,SC,KHLIEHRIAT BLOCK,KHLIEHRIAT CHC,EAST JAINTIA HILLS,,,,,ML,,,,
292,KAIRANG,SC,KHLIEHRIAT BLOCK,KHLIEHRIAT CHC,EAST JAINTIA HILLS,,,,,ML,,,,
293,RATACHERRA,SC,KHLIEHRIAT BLOCK,UMKIANG PHC,EAST JAINTIA HILLS,,,,,ML,,,,
294,HUROI,SC,KHLIEHRIAT BLOCK,UMKIANG PHC,EAST JAINTIA HILLS,,,,,ML,,,,
295,KULIANG,SC,KHLIEHRIAT BLOCK,UMKIANG PHC,EAST JAINTIA HILLS,,,,,ML,,,,
296,SHNONGRIM,SC,SAIPUNG BLOCK,SAIPUNG PHC,EAST JAINTIA HILLS,,,,,ML,,,,
297,THRUK,SC,SAIPUNG BLOCK,SAIPUNG PHC,EAST JAINTIA HILLS,,,,,ML,,,,
298,MOULSEI,SC,SAIPUNG BLOCK,SAIPUNG PHC,EAST JAINTIA HILLS,,,,,ML,,,,
299,RYNGKOH,SC,SAIPUNG BLOCK,SAIPUNG PHC,EAST JAINTIA HILLS,,,,,ML,,,,
300,LELAD,SC,SAIPUNG BLOCK,SUTNGA CHC,EAST JAINTIA HILLS,,,,,ML,,,,
301,SAMASI,SC,SAIPUNG BLOCK,SUTNGA CHC,EAST JAINTIA HILLS,,,,,ML,,,,
302,JALAPHET,SC,SAIPUNG BLOCK,SUTNGA CHC,EAST JAINTIA HILLS,,,,,ML,,,,
303,NARWAN,SC,SAIPUNG BLOCK,SUTNGA CHC,EAST JAINTIA HILLS,,,,,ML,,,,
304,MOOLAMYLLIANG,SC,SAIPUNG BLOCK,SUTNGA CHC,EAST JAINTIA HILLS,,,,,ML,,,,
305,SAKHAIN,SC,SAIPUNG BLOCK,SUTNGA CHC,EAST JAINTIA HILLS,,,,,ML,,,,
306,MULIAN,SC,SAIPUNG BLOCK,SUTNGA CHC,EAST JAINTIA HILLS,,,,,ML,,,,
307,MOOLAIT,SC,SAIPUNG BLOCK,SUTNGA CHC,EAST JAINTIA HILLS,,,,,ML,,,,
308,UMKYRPONG,SC,SAIPUNG BLOCK,SUTNGA CHC,EAST JAINTIA HILLS,,,,,ML,,,,
309,PALA,SC,SAIPUNG BLOCK,SUTNGA CHC,EAST JAINTIA HILLS,,,,,ML,,,,
310,MANAI,SC,MAIRANG BLOCK,MAIRANG DH,EASTERN WEST KHASI HILLS,,,,,ML,,,,
311,MAWNAI,SC,MAIRANG BLOCK,MAIRANG DH,EASTERN WEST KHASI HILLS,,,,,ML,,,,
312,LANGTOR,SC,MAIRANG BLOCK,MAIRANG DH,EASTERN WEST KHASI HILLS,,,,,ML,,,,
313,MAWSHUT,SC,MAIRANG BLOCK,MAIRANG DH,EASTERN WEST KHASI HILLS,,,,,ML,,,,
314,PYNDENGDOMBAH,SC,MAIRANG BLOCK,MAIRANG DH,EASTERN WEST KHASI HILLS,,,,,ML,,,,
315,MAWSNAR,SC,MAIRANG BLOCK,MAIRANG DH,EASTERN WEST KHASI HILLS,,,,,ML,,,,
316,MAWKARAH,SC,MAIRANG BLOCK,NONGKHLAW CHC,EASTERN WEST KHASI HILLS,,,,,ML,,,,
317,NONGTYLLEP,SC,MAIRANG BLOCK,NONGKHLAW CHC,EASTERN WEST KHASI HILLS,,,,,ML,,,,
318,JAKHONG,SC,MAIRANG BLOCK,KYNRUD PHC,EASTERN WEST KHASI HILLS,,,,,ML,,,,
319,NONGLIPUT,SC,MAIRANG BLOCK,NONGTHLIEW PHC,EASTERN WEST KHASI HILLS,,,,,ML,,,,
320,KYNSEW,SC,MAIRANG BLOCK,NONGTHLIEW PHC,EASTERN WEST KHASI HILLS,,,,,ML,,,,
321,UMPDEM,SC,MAIRANG BLOCK,"DONGKI INGDING
PHC",EASTERN WEST KHASI HILLS,,,,,ML,,,,
322,MAWLANGSU,SC,MAWTHADRAIS HAN  BLOCK,MARKASA PHC,EASTERN WEST KHASI HILLS,,,,,ML,,,,
323,MARNGAR,SC,MAWTHADRAIS HAN  BLOCK,MARKASA PHC,EASTERN WEST KHASI HILLS,,,,,ML,,,,
324,LAITKSEH,SC,MAWTHADRAIS HAN  BLOCK,MARKASA PHC,EASTERN WEST KHASI HILLS,,,,,ML,,,,
325,MAWLANGKHAR,SC,MAWTHADRAIS HAN  BLOCK,MARKASA PHC,EASTERN WEST KHASI HILLS,,,,,ML,,,,
326,LAWBYRTUN,SC,MAWTHADRAIS HAN  BLOCK,PARIONG PHC,EASTERN WEST KHASI HILLS,,,,,ML,,,,
327,SARONG,SC,MAWTHADRAIS HAN  BLOCK,KYNSHI PHC,EASTERN WEST KHASI HILLS,,,,,ML,,,,
328,NONGJLAK,SC,MAWTHADRAIS HAN  BLOCK,MYRIAW PHC,EASTERN WEST KHASI HILLS,,,,,ML,,,,
329,SOHKROT,SC,MAWTHADRAIS HAN  BLOCK,MYRIAW PHC,EASTERN WEST KHASI HILLS,,,,,ML,,,,
330,DARAMPARA,SC,RESUBELPARA BLOCK,RESUBELPARA CHC,NORTH GARO HILLS,,,,,ML,,,,
331,BODA APAL,SC,RESUBELPARA BLOCK,RESUBELPARA CHC,NORTH GARO HILLS,,,,,ML,,,,
332,KHALDANG,SC,RESUBELPARA BLOCK,RESUBELPARA CHC,NORTH GARO HILLS,,,,,ML,,,,
333,SAMKALAKGRE,SC,RESUBELPARA BLOCK,BAJENGDOBA PHC,NORTH GARO HILLS,,,,,ML,,,,
334,GOSINPITA,SC,RESUBELPARA BLOCK,BAJENGDOBA PHC,NORTH GARO HILLS,,,,,ML,,,,
335,NORONGKOL,SC,RESUBELPARA BLOCK,BAJENGDOBA PHC,NORTH GARO HILLS,,,,,ML,,,,
336,A.CHOTCHONGGRE,SC,RESUBELPARA BLOCK,BAJENGDOBA PHC,NORTH GARO HILLS,,,,,ML,,,,
337,KONGKARPARA,SC,RESUBELPARA BLOCK,BAJENGDOBA PHC,NORTH GARO HILLS,,,,,ML,,,,
338,KOREPARA,SC,RESUBELPARA BLOCK,BAJENGDOBA PHC,NORTH GARO HILLS,,,,,ML,,,,
339,DIGISINGGRE,SC,RESUBELPARA BLOCK,BAJENGDOBA PHC,NORTH GARO HILLS,,,,,ML,,,,
340,CHENGGALMA,SC,RESUBELPARA BLOCK,BAJENGDOBA PHC,NORTH GARO HILLS,,,,,ML,,,,
341,TETRAKGRE,SC,RESUBELPARA BLOCK,BAJENGDOBA PHC,NORTH GARO HILLS,,,,,ML,,,,
342,ELATCHI APAL,SC,RESUBELPARA BLOCK,BAJENGDOBA PHC,NORTH GARO HILLS,,,,,ML,,,,
343,RAJA APAL,SC,RESUBELPARA BLOCK,BAJENGDOBA PHC,NORTH GARO HILLS,,,,,ML,,,,
344,SILDUBI,SC,RESUBELPARA BLOCK,SAULMARI PHC,NORTH GARO HILLS,,,,,ML,,,,
345,THAKUR BILLA,SC,RESUBELPARA BLOCK,SAULMARI PHC,NORTH GARO HILLS,,,,,ML,,,,
346,SARAPARA,SC,RESUBELPARA BLOCK,SAULMARI PHC,NORTH GARO HILLS,,,,,ML,,,,
347,KAKRAGRE,SC,RESUBELPARA BLOCK,SAULMARI PHC,NORTH GARO HILLS,,,,,ML,,,,
348,DENGNANGGRE,SC,RESUBELPARA BLOCK,SAULMARI PHC,NORTH GARO HILLS,,,,,ML,,,,
349,BOLSONG,SC,RESUBELPARA BLOCK,SAULMARI PHC,NORTH GARO HILLS,,,,,ML,,,,
350,THAPA DARENCHI,SC,RESUBELPARA BLOCK,MENDIPATHAR PHC,NORTH GARO HILLS,,,,,ML,,,,
351,MONGPANGRO,SC,RESUBELPARA BLOCK,MENDIPATHAR PHC,NORTH GARO HILLS,,,,,ML,,,,
352,RONGKAMINCHI,SC,RESUBELPARA BLOCK,MENDIPATHAR PHC,NORTH GARO HILLS,,,,,ML,,,,
353,"JAMGAON
SOROKPARA",SC,RESUBELPARA BLOCK,MENDIPATHAR PHC,NORTH GARO HILLS,,,,,ML,,,,
354,SEPIKOL,SC,RESUBELPARA BLOCK,MENDIPATHAR PHC,NORTH GARO HILLS,,,,,ML,,,,
355,THAPA BISHRAMPUR,SC,RESUBELPARA BLOCK,MENDIPATHAR PHC,NORTH GARO HILLS,,,,,ML,,,,
356,DAMIT  DANGGRA,SC,RESUBELPARA BLOCK,MANIKGANJ PHC,NORTH GARO HILLS,,,,,ML,,,,
357,BONGRE OLBAKNANG,SC,RESUBELPARA BLOCK,MANIKGANJ PHC,NORTH GARO HILLS,,,,,ML,,,,
358,GAMBIL APAL,SC,RESUBELPARA BLOCK,DAINADUBI CHC,NORTH GARO HILLS,,,,,ML,,,,
359,AKEMGRE,SC,SONGSAK BLOCK,RARI PHC,NORTH GARO HILLS,,,,,ML,,,,
360,SNALGRE,SC,SONGSAK BLOCK,RARI PHC,NORTH GARO HILLS,,,,,ML,,,,
361,GOKULGRE,SC,SONGSAK BLOCK,RARI PHC,NORTH GARO HILLS,,,,,ML,,,,
362,AKAROK,SC,SONGSAK BLOCK,RARI PHC,NORTH GARO HILLS,,,,,ML,,,,
363,DINGREPA,SC,SONGSAK BLOCK,RARI PHC,NORTH GARO HILLS,,,,,ML,,,,
364,ARUAKGRE,SC,SONGSAK BLOCK,RARI PHC,NORTH GARO HILLS,,,,,ML,,,,
365,KIMDEGRE,SC,SONGSAK BLOCK,RARI PHC,NORTH GARO HILLS,,,,,ML,,,,
366,RAJA SIMLA,SC,KHARKUTTA  BLOCK,KHARKUTTA PHC,NORTH GARO HILLS,,,,,ML,,,,
367,CHOTCHOLJA,SC,KHARKUTTA  BLOCK,KHARKUTTA PHC,NORTH GARO HILLS,,,,,ML,,,,
368,BAKSALPARA,SC,KHARKUTTA  BLOCK,KHARKUTTA PHC,NORTH GARO HILLS,,,,,ML,,,,
369,DOKONGSI,SC,KHARKUTTA  BLOCK,KHARKUTTA PHC,NORTH GARO HILLS,,,,,ML,,,,
370,CHILPARA,SC,KHARKUTTA  BLOCK,KHARKUTTA PHC,NORTH GARO HILLS,,,,,ML,,,,
371,CHIBONGGA,SC,KHARKUTTA  BLOCK,KHARKUTTA PHC,NORTH GARO HILLS,,,,,ML,,,,
372,IMSAMBAL,SC,KHARKUTTA  BLOCK,KHARKUTTA PHC,NORTH GARO HILLS,,,,,ML,,,,
373,UPPER JAMBAL,SC,KHARKUTTA  BLOCK,KHARKUTTA PHC,NORTH GARO HILLS,,,,,ML,,,,
374,BADAKA,SC,KHARKUTTA  BLOCK,ADOKGRE PHC,NORTH GARO HILLS,,,,,ML,,,,
375,WARAMJA,SC,KHARKUTTA  BLOCK,ADOKGRE PHC,NORTH GARO HILLS,,,,,ML,,,,
376,TINGBAGTTIM,SC,KHARKUTTA  BLOCK,ADOKGRE PHC,NORTH GARO HILLS,,,,,ML,,,,
377,LOWER CHIMA IMPEL,SC,KHARKUTTA  BLOCK,WAGEASI PHC,NORTH GARO HILLS,,,,,ML,,,,
378,LOWER SAMBRAK,SC,KHARKUTTA  BLOCK,WAGEASI PHC,NORTH GARO HILLS,,,,,ML,,,,
379,UMSAWLUM,SC,UMSNING BLOCK,UMSNING CHC,RI BHOI,,,,,ML,,,,
380,RAITONG,SC,UMSNING BLOCK,UMSNING CHC,RI BHOI,,,,,ML,,,,
381,MAWLYNDEP,SC,UMSNING BLOCK,UMSNING CHC,RI BHOI,,,,,ML,,,,
382,KYNJOIN UMRAN,SC,UMSNING BLOCK,UMSNING CHC,RI BHOI,,,,,ML,,,,
383,MAWRONG,SC,UMSNING BLOCK,UMSNING CHC,RI BHOI,,,,,ML,,,,
384,KYRDEM KULAI,SC,UMSNING BLOCK,UMSNING CHC,RI BHOI,,,,,ML,,,,
385,MYRDON  MAWTARI,SC,UMSNING BLOCK,UMSNING CHC,RI BHOI,,,,,ML,,,,
386,MAWLEIN  MAWKAN,SC,UMSNING BLOCK,UMSNING CHC,RI BHOI,,,,,ML,,,,
387,MAWLANG,SC,UMSNING BLOCK,UMSNING CHC,RI BHOI,,,,,ML,,,,
388,UMTREW,SC,UMSNING BLOCK,UMSNING CHC,RI BHOI,,,,,ML,,,,
389,JAMANAR,SC,UMSNING BLOCK,UMSNING CHC,RI BHOI,,,,,ML,,,,
390,THADRANG,SC,UMSNING BLOCK,MAWLASNAI  PHC,RI BHOI,,,,,ML,,,,
391,TYRSO,SC,UMSNING BLOCK,MAWLASNAI  PHC,RI BHOI,,,,,ML,,,,
392,MAWBSEIN,SC,UMSNING BLOCK,KYRDEM PHC,RI BHOI,,,,,ML,,,,
393,UMLAPER,SC,UMSNING BLOCK,UMTRAI PHC,RI BHOI,,,,,ML,,,,
394,SONIDAN,SC,UMSNING BLOCK,MAWHATI PHC,RI BHOI,,,,,ML,,,,
395,SOHPHOH,SC,UMSNING BLOCK,MAWHATI PHC,RI BHOI,,,,,ML,,,,
396,UMROI,SC,UMSNING BLOCK,BHOIRYMB ONG CHC,RI BHOI,,,,,ML,,,,
397,PYNTHOR,SC,UMSNING BLOCK,BHOIRYMB ONG CHC,RI BHOI,,,,,ML,,,,
398,IAPNGAR,SC,UMSNING BLOCK,BHOIRYMB ONG CHC,RI BHOI,,,,,ML,,,,
399,NARANG,SC,UMLING  BLOCK,BYRNIHAT  PHC,RI BHOI,,,,,ML,,,,
400,UMLING,SC,UMLING  BLOCK,BYRNIHAT  PHC,RI BHOI,,,,,ML,,,,
401,AMJONG,SC,UMLING  BLOCK,BYRNIHAT  PHC,RI BHOI,,,,,ML,,,,
402,BARIDUA,SC,UMLING  BLOCK,BYRNIHAT  PHC,RI BHOI,,,,,ML,,,,
403,PILANGKATA,SC,UMLING  BLOCK,BYRNIHAT  PHC,RI BHOI,,,,,ML,,,,
404,KILLING,SC,UMLING  BLOCK,BYRNIHAT  PHC,RI BHOI,,,,,ML,,,,
405,MINDIKGRE,SC,BAGHMARA BLOCK,BAGHMARA CHC,SOUTH GARO HILLS,,,,,ML,,,,
406,NILWAGRE,SC,BAGHMARA BLOCK,BAGHMARA CHC,SOUTH GARO HILLS,,,,,ML,,,,
407,EMANGRE,SC,BAGHMARA BLOCK,BAGHMARA CHC,SOUTH GARO HILLS,,,,,ML,,,,
408,NENGKONG,SC,BAGHMARA BLOCK,BAGHMARA CHC,SOUTH GARO HILLS,,,,,ML,,,,
409,KARUKOL,SC,BAGHMARA BLOCK,BAGHMARA CHC,SOUTH GARO HILLS,,,,,ML,,,,
410,RONGSU AWE,SC,BAGHMARA BLOCK,NANGALBIBRA PHC,SOUTH GARO HILLS,,,,,ML,,,,
411,DARANG BOLDAKGRE,SC,BAGHMARA BLOCK,NANGALBIBRA PHC,SOUTH GARO HILLS,,,,,ML,,,,
412,RONGSU AGAL,SC,BAGHMARA BLOCK,SIJU PHC,SOUTH GARO HILLS,,,,,ML,,,,
413,TOLEGRE,SC,BAGHMARA BLOCK,SIJU PHC,SOUTH GARO HILLS,,,,,ML,,,,
414,ASAKGRE,SC,CHOCKPOT BLOCK,CHOCKPOT CHC,SOUTH GARO HILLS,,,,,ML,,,,
415,GANCHIKALAK,SC,CHOCKPOT BLOCK,CHOCKPOT CHC,SOUTH GARO HILLS,,,,,ML,,,,
416,MITAPGRE,SC,CHOCKPOT BLOCK,CHOCKPOT CHC,SOUTH GARO HILLS,,,,,ML,,,,
417,KENEGRE,SC,CHOCKPOT BLOCK,CHOCKPOT CHC,SOUTH GARO HILLS,,,,,ML,,,,
418,RONGSIBOKGRE,SC,CHOCKPOT BLOCK,SILKIGRE PHC,SOUTH GARO HILLS,,,,,ML,,,,
419,RONGCHONGGRE,SC,CHOCKPOT BLOCK,SILKIGRE PHC,SOUTH GARO HILLS,,,,,ML,,,,
420,GASUAPARA,SC,GASUAPARA BLOCK,SIBBARI PHC,SOUTH GARO HILLS,,,,,ML,,,,
421,RAMCHENGGA,SC,GASUAPARA BLOCK,SIBBARI PHC,SOUTH GARO HILLS,,,,,ML,,,,
422,JATRAKONA,SC,GASUAPARA BLOCK,SIBBARI PHC,SOUTH GARO HILLS,,,,,ML,,,,
423,DIMAPARA,SC,GASUAPARA BLOCK,SIBBARI PHC,SOUTH GARO HILLS,,,,,ML,,,,
424,RUGAPARA,SC,GASUAPARA BLOCK,SIBBARI PHC,SOUTH GARO HILLS,,,,,ML,,,,
425,NEKORA,SC,RONGARA BLOCK,MOHESHKOLA  PHC,SOUTH GARO HILLS,,,,,ML,,,,
426,ALOKPANG,SC,RONGARA BLOCK,RONGARA PHC,SOUTH GARO HILLS,,,,,ML,,,,
427,RONGRU ASIM,SC,RONGARA BLOCK,RONGARA PHC,SOUTH GARO HILLS,,,,,ML,,,,
428,BALPAKRAM,SC,RONGARA BLOCK,RONGARA PHC,SOUTH GARO HILLS,,,,,ML,,,,
429,DAMBUK AGA,SC,RONGARA BLOCK,RONGARA PHC,SOUTH GARO HILLS,,,,,ML,,,,
430,HULLUKONA,SC,ZIGZAK BLOCK,ZIGZAG PHC,SOUTH WEST GARO HILLS,,,,,ML,,,,
431,GELAJURI,SC,ZIGZAK BLOCK,NOGORPARA PHC,SOUTH WEST GARO HILLS,,,,,ML,,,,
432,GOPINATHKILLA,SC,ZIGZAK BLOCK,MAHENDRAGANJ CHC,SOUTH WEST GARO HILLS,,,,,ML,,,,
433,TARAPARA,SC,ZIGZAK BLOCK,MAHENDRAGANJ CHC,SOUTH WEST GARO HILLS,,,,,ML,,,,
434,DEBJANI,SC,ZIGZAK BLOCK,MAHENDRAGANJ CHC,SOUTH WEST GARO HILLS,,,,,ML,,,,
435,KULIGAON,SC,ZIGZAK BLOCK,KALAICHAR PHC,SOUTH WEST GARO HILLS,,,,,ML,,,,
436,KAMBAKPARA,SC,ZIGZAK BLOCK,KALAICHAR PHC,SOUTH WEST GARO HILLS,,,,,ML,,,,
437,ANANGPARA,SC,ZIGZAK BLOCK,SALMANPARA PHC,SOUTH WEST GARO HILLS,,,,,ML,,,,
438,DARONGRE,SC,BETASING BLOCK,MELLIM PHC,SOUTH WEST GARO HILLS,,,,,ML,,,,
439,OKKAPARA,SC,BETASING BLOCK,MELLIM PHC,SOUTH WEST GARO HILLS,,,,,ML,,,,
440,DAMALGRE,SC,BETASING BLOCK,MELLIM PHC,SOUTH WEST GARO HILLS,,,,,ML,,,,
441,RONGCHADENGGRE,SC,BETASING BLOCK,MELLIM PHC,SOUTH WEST GARO HILLS,,,,,ML,,,,
442,MELLIM,SC,BETASING BLOCK,MELLIM PHC,SOUTH WEST GARO HILLS,,,,,ML,,,,
443,WATEGRE,SC,BETASING BLOCK,BELBARI PHC,SOUTH WEST GARO HILLS,,,,,ML,,,,
444,JOYFAR,SC,BETASING BLOCK,BELBARI PHC,SOUTH WEST GARO HILLS,,,,,ML,,,,
445,KUMLIGAON,SC,BETASING BLOCK,BETASING PHC,SOUTH WEST GARO HILLS,,,,,ML,,,,
446,JONGCHETPARA,SC,BETASING BLOCK,BETASING PHC,SOUTH WEST GARO HILLS,,,,,ML,,,,
447,MURCHAPANI,SC,BETASING BLOCK,BETASING PHC,SOUTH WEST GARO HILLS,,,,,ML,,,,
448,GODALGRE,SC,BETASING BLOCK,BETASING PHC,SOUTH WEST GARO HILLS,,,,,ML,,,,
449,GARODOBA,SC,BETASING BLOCK,BETASING PHC,SOUTH WEST GARO HILLS,,,,,ML,,,,
450,RONGSANGABAGRE,SC,BETASING BLOCK,RANGSAKONA PHC,SOUTH WEST GARO HILLS,,,,,ML,,,,
451,GANDHIPARA,SC,BETASING BLOCK,GAROBADHA PHC,SOUTH WEST GARO HILLS,,,,,ML,,,,
452,DALUPARA,SC,BETASING BLOCK,GAROBADHA PHC,SOUTH WEST GARO HILLS,,,,,ML,,,,
453,ANDARKHONA,SC,BETASING BLOCK,GAROBADHA PHC,SOUTH WEST GARO HILLS,,,,,ML,,,,
454,MUKDANGRA,SC,BETASING BLOCK,GAROBADHA PHC,SOUTH WEST GARO HILLS,,,,,ML,,,,
455,ASINAGRE,SC,BETASING BLOCK,GAROBADHA PHC,SOUTH WEST GARO HILLS,,,,,ML,,,,
456,HARIGAON,SC,BETASING BLOCK,GAROBADHA PHC,SOUTH WEST GARO HILLS,,,,,ML,,,,
457,JAKREM,SC,MAWKYRWAT BLOCK,MAWKYRWAT CHC,SOUTH WEST KHASI HILLS,,,,,ML,,,,
458,PHOTJAUD,SC,MAWKYRWAT BLOCK,MAWKYRWAT CHC,SOUTH WEST KHASI HILLS,,,,,ML,,,,
459,PHLANGKYNSHI,SC,MAWKYRWAT BLOCK,MAWKYRWAT CHC,SOUTH WEST KHASI HILLS,,,,,ML,,,,
460,UMJARAIN,SC,MAWKYRWAT BLOCK,MAWKYRWAT CHC,SOUTH WEST KHASI HILLS,,,,,ML,,,,
461,RANGMAW,SC,MAWKYRWAT BLOCK,MAWKYRWAT CHC,SOUTH WEST KHASI HILLS,,,,,ML,,,,
462,NONGKYNBAH,SC,MAWKYRWAT BLOCK,RANGTHONG PHC,SOUTH WEST KHASI HILLS,,,,,ML,,,,
463,SNGI MAWLEIN,SC,MAWKYRWAT BLOCK,MAWTHAWPDAH PHC,SOUTH WEST KHASI HILLS,,,,,ML,,,,
464,NONGSYNRIEH,SC,MAWKYRWAT BLOCK,MAWTHAWPDAH PHC,SOUTH WEST KHASI HILLS,,,,,ML,,,,
465,MAWSAW,SC,MAWKYRWAT BLOCK,MAWTHAWPDAH PHC,SOUTH WEST KHASI HILLS,,,,,ML,,,,
466,RANGBLANG,SC,MAWKYRWAT BLOCK,MAWTHAWPDAH PHC,SOUTH WEST KHASI HILLS,,,,,ML,,,,
467,MAWTHONG,SC,MAWKYRWAT BLOCK,MAWTHAWPDAH PHC,SOUTH WEST KHASI HILLS,,,,,ML,,,,
468,UMDOHLUN,SC,MAWKYRWAT BLOCK,WAHKAJI PHC,SOUTH WEST KHASI HILLS,,,,,ML,,,,
469,PHLANGDILOIN,SC,MAWKYRWAT BLOCK,WAHKAJI PHC,SOUTH WEST KHASI HILLS,,,,,ML,,,,
470,UMJARAIN,SC,MAWKYRWAT BLOCK,WAHKAJI PHC,SOUTH WEST KHASI HILLS,,,,,ML,,,,
471,NONGRYNNIANG,SC,MAWKYRWAT BLOCK,WAHKAJI PHC,SOUTH WEST KHASI HILLS,,,,,ML,,,,
472,NONGHYLLAM,SC,RANIKOR BLOCK,RANIKOR CHC,SOUTH WEST KHASI HILLS,,,,,ML,,,,
473,KULANG,SC,RANIKOR BLOCK,RANIKOR CHC,SOUTH WEST KHASI HILLS,,,,,ML,,,,
474,NONGNAH,SC,RANIKOR BLOCK,RANIKOR CHC,SOUTH WEST KHASI HILLS,,,,,ML,,,,
475,PUKSORA,SC,RANIKOR BLOCK,RANIKOR CHC,SOUTH WEST KHASI HILLS,,,,,ML,,,,
476,MAWPUD,SC,RANIKOR BLOCK,RANIKOR CHC,SOUTH WEST KHASI HILLS,,,,,ML,,,,
477,RAJAPARA,SC,RANIKOR BLOCK,RANIKOR CHC,SOUTH WEST KHASI HILLS,,,,,ML,,,,
478,KARAIKORA,SC,RANIKOR BLOCK,RANIKOR CHC,SOUTH WEST KHASI HILLS,,,,,ML,,,,
479,MAHESHKOLA,SC,RANIKOR BLOCK,KHONJOY PHC,SOUTH WEST KHASI HILLS,,,,,ML,,,,
480,GILLAGORA,SC,RANIKOR BLOCK,KHONJOY PHC,SOUTH WEST KHASI HILLS,,,,,ML,,,,
481,MARAKGRE,SC,RONGRAM BLOCK,ASSANANGGRE PHC,WEST GARO HILLS,,,,,ML,,,,
482,BALJEK,SC,RONGRAM BLOCK,ASSANANGGRE PHC,WEST GARO HILLS,,,,,ML,,,,
483,BOLDORENGRE,SC,RONGRAM BLOCK,ASSANANGGRE PHC,WEST GARO HILLS,,,,,ML,,,,
484,ANOKGRE,SC,RONGRAM BLOCK,ASSANANGGRE PHC,WEST GARO HILLS,,,,,ML,,,,
485,WARIBOKGRE,SC,RONGRAM BLOCK,ASSANANGGRE PHC,WEST GARO HILLS,,,,,ML,,,,
486,TOSEKGRE,SC,RONGRAM BLOCK,ASSANANGGRE PHC,WEST GARO HILLS,,,,,ML,,,,
487,MANGGAKGRE,SC,RONGRAM BLOCK,ASSANANGGRE PHC,WEST GARO HILLS,,,,,ML,,,,
488,ROMBAGRE,SC,RONGRAM BLOCK,ASSANANGGRE PHC,WEST GARO HILLS,,,,,ML,,,,
489,WARAM SONGMA,SC,RONGRAM BLOCK,ASSANANGGRE PHC,WEST GARO HILLS,,,,,ML,,,,
490,GALWANGGRE (BABADAM),SC,RONGRAM BLOCK,BABADAM PHC,WEST GARO HILLS,,,,,ML,,,,
491,CHIDEKGRE,SC,RONGRAM BLOCK,BABADAM PHC,WEST GARO HILLS,,,,,ML,,,,
492,BOLDAKGRE,SC,RONGRAM BLOCK,BABADAM PHC,WEST GARO HILLS,,,,,ML,,,,
493,BIKONGGRE,SC,DADENGRE BLOCK,DADENGRE CHC,WEST GARO HILLS,,,,,ML,,,,
494,DAMAL ASIM,SC,DADENGRE BLOCK,DADENGRE CHC,WEST GARO HILLS,,,,,ML,,,,
495,ROMGRE,SC,DADENGRE BLOCK,DADENGRE CHC,WEST GARO HILLS,,,,,ML,,,,
496,MAGALPARA,SC,DADENGRE BLOCK,DADENGRE CHC,WEST GARO HILLS,,,,,ML,,,,
497,BOLLONGRE,SC,DADENGRE BLOCK,DADENGRE CHC,WEST GARO HILLS,,,,,ML,,,,
498,RONGBOKGRE,SC,TIKRIKILLA BLOCK,TIKRIKILLA PHC,WEST GARO HILLS,,,,,ML,,,,
499,HOLLAIDANGA,SC,TIKRIKILLA BLOCK,TIKRIKILLA PHC,WEST GARO HILLS,,,,,ML,,,,
500,NIDANPUR,SC,TIKRIKILLA BLOCK,TIKRIKILLA PHC,WEST GARO HILLS,,,,,ML,,,,
501,RANGSAGRE,SC,TIKRIKILLA BLOCK,TIKRIKILLA PHC,WEST GARO HILLS,,,,,ML,,,,
502,RENGSINPARA,SC,TIKRIKILLA BLOCK,TIKRIKILLA PHC,WEST GARO HILLS,,,,,ML,,,,
503,JANGNAPARA,SC,TIKRIKILLA BLOCK,TIKRIKILLA PHC,WEST GARO HILLS,,,,,ML,,,,
504,HATAGAON,SC,TIKRIKILLA BLOCK,PEDALDOBA PHC,WEST GARO HILLS,,,,,ML,,,,
505,BELGURI,SC,TIKRIKILLA BLOCK,PEDALDOBA PHC,WEST GARO HILLS,,,,,ML,,,,
506,NAGAUPARA,SC,TIKRIKILLA BLOCK,PEDALDOBA PHC,WEST GARO HILLS,,,,,ML,,,,
507,PEDALDOBA,SC,TIKRIKILLA BLOCK,PEDALDOBA PHC,WEST GARO HILLS,,,,,ML,,,,
508,GAMBEGRE,SC,GAMBEGRE BLOCK,DARENGRE PHC,WEST GARO HILLS,,,,,ML,,,,
509,BOLCHUGRE,SC,GAMBEGRE BLOCK,DARENGRE PHC,WEST GARO HILLS,,,,,ML,,,,
510,DOLDEGRE,SC,GAMBEGRE BLOCK,DARENGRE PHC,WEST GARO HILLS,,,,,ML,,,,
511,DAKOPGRE,SC,GAMBEGRE BLOCK,DARENGRE PHC,WEST GARO HILLS,,,,,ML,,,,
512,AMINDAGRE,SC,GAMBEGRE BLOCK,DARENGRE PHC,WEST GARO HILLS,,,,,ML,,,,
513,EDANBARI,SC,GAMBEGRE BLOCK,DARENGRE PHC,WEST GARO HILLS,,,,,ML,,,,
514,CHISAKGRE,SC,GAMBEGRE BLOCK,DARENGRE PHC,WEST GARO HILLS,,,,,ML,,,,
515,HALCHATI,SC,DALU BLOCK,PURAKHASIA PHC,WEST GARO HILLS,,,,,ML,,,,
516,POSENGGAGRE,SC,DALU BLOCK,PURAKHASIA PHC,WEST GARO HILLS,,,,,ML,,,,
517,CHENGAPARA,SC,DALU BLOCK,PURAKHASIA PHC,WEST GARO HILLS,,,,,ML,,,,
518,SESENGPARA,SC,DALU BLOCK,DALU CHC,WEST GARO HILLS,,,,,ML,,,,
519,JOSHIPARA,SC,DALU BLOCK,DALU CHC,WEST GARO HILLS,,,,,ML,,,,
520,JIJIKAPARA,SC,DALU BLOCK,DALU CHC,WEST GARO HILLS,,,,,ML,,,,
521,RIMRANGPARA,SC,DALU BLOCK,ALAGRE CHC,WEST GARO HILLS,,,,,ML,,,,
522,SANDONGDAPGRE,SC,DALU BLOCK,ALAGRE CHC,WEST GARO HILLS,,,,,ML,,,,
523,SANGKNIGRE,SC,DALU BLOCK,KHERAPARA PHC,WEST GARO HILLS,,,,,ML,,,,
524,GONCHUDARE,SC,DALU BLOCK,KHERAPARA PHC,WEST GARO HILLS,,,,,ML,,,,
525,CHERAN SONGMA,SC,SALSELLA BLOCK,PHULBARI CHC,WEST GARO HILLS,,,,,ML,,,,
526,RONGKHONGRE,SC,SALSELLA BLOCK,PHULBARI CHC,WEST GARO HILLS,,,,,ML,,,,
527,CHANANGPARA,SC,SALSELLA BLOCK,PHULBARI CHC,WEST GARO HILLS,,,,,ML,,,,
528,BAMUNDANGA,SC,SALSELLA BLOCK,PHULBARI CHC,WEST GARO HILLS,,,,,ML,,,,
529,MAULAKANDI,SC,SALSELLA BLOCK,PHULBARI CHC,WEST GARO HILLS,,,,,ML,,,,
530,CHIBANANG,SC,SALSELLA BLOCK,PHULBARI CHC,WEST GARO HILLS,,,,,ML,,,,
531,MASANGPANI,SC,SALSELLA BLOCK,PHULBARI CHC,WEST GARO HILLS,,,,,ML,,,,
532,WAJADAGRE,SC,SALSELLA BLOCK,SALSELLA CHC,WEST GARO HILLS,,,,,ML,,,,
533,BHAJAMARA,SC,SALSELLA BLOCK,SALSELLA CHC,WEST GARO HILLS,,,,,ML,,,,
534,MANGCHIM,SC,SALSELLA BLOCK,SALSELLA CHC,WEST GARO HILLS,,,,,ML,,,,
535,DABAKGRE,SC,SALSELLA BLOCK,SALSELLA CHC,WEST GARO HILLS,,,,,ML,,,,
536,DAMJONGGRE,SC,SALSELLA BLOCK,SALSELLA CHC,WEST GARO HILLS,,,,,ML,,,,
537,UJENGGRI,SC,SALSELLA BLOCK,SALSELLA CHC,WEST GARO HILLS,,,,,ML,,,,
538,ZEKABARI,SC,SALSELLA BLOCK,SALSELLA CHC,WEST GARO HILLS,,,,,ML,,,,
539,MOROK,SC,SALSELLA BLOCK,SALSELLA CHC,WEST GARO HILLS,,,,,ML,,,,
540,THAKIMAGRE,SC,SALSELLA BLOCK,BHAITBARI PHC,WEST GARO HILLS,,,,,ML,,,,
541,BATABARI,SC,SALSELLA BLOCK,BHAITBARI PHC,WEST GARO HILLS,,,,,ML,,,,
542,RAJABALA,SC,SALSELLA BLOCK,BHAITBARI PHC,WEST GARO HILLS,,,,,ML,,,,
543,BELBARI,SC,SALSELLA BLOCK,BHAITBARI PHC,WEST GARO HILLS,,,,,ML,,,,
544,PERKASHANDI,SC,SALSELLA BLOCK,BHAITBARI PHC,WEST GARO HILLS,,,,,ML,,,,
545,JONGKIPARA,SC,SALSELLA BLOCK,JELDUPARA PHC,WEST GARO HILLS,,,,,ML,,,,
546,RANGRIGRE,SC,SALSELLA BLOCK,JELDUPARA PHC,WEST GARO HILLS,,,,,ML,,,,
547,HALLIDAYGANJ,SC,SALSELLA BLOCK,JELDUPARA PHC,WEST GARO HILLS,,,,,ML,,,,
548,ROCHONPARA,SC,SALSELLA BLOCK,JELDUPARA PHC,WEST GARO HILLS,,,,,ML,,,,
549,MOOPYUT,SC,AMLAREM BLOCK,JARAIN PHC,WEST JAINTIA HILLS,,,,,ML,,,,
550,SOHKHA,SC,AMLAREM BLOCK,NONGTALANG CHC,WEST JAINTIA HILLS,,,,,ML,,,,
551,LAMIN,SC,AMLAREM BLOCK,NONGTALANG CHC,WEST JAINTIA HILLS,,,,,ML,,,,
552,SYNDAI,SC,AMLAREM BLOCK,PDENGSHAKAP PHC,WEST JAINTIA HILLS,,,,,ML,,,,
553,TRANGBLANG,SC,AMLAREM BLOCK,PDENGSHAKAP PHC,WEST JAINTIA HILLS,,,,,ML,,,,
554,DARANG,SC,AMLAREM BLOCK,DAWKI PHC,WEST JAINTIA HILLS,,,,,ML,,,,
555,MUKTAPUR,SC,AMLAREM BLOCK,DAWKI PHC,WEST JAINTIA HILLS,,,,,ML,,,,
556,PYRSADWAR,SC,AMLAREM BLOCK,DAWKI PHC,WEST JAINTIA HILLS,,,,,ML,,,,
557,NONGBAREH,SC,AMLAREM BLOCK,PADU ST.DISPY,WEST JAINTIA HILLS,,,,,ML,,,,
558,KHONGLAH,SC,AMLAREM BLOCK,PADU ST.DISPY,WEST JAINTIA HILLS,,,,,ML,,,,
559,NONGKHROH,SC,THADLASKEIN BLOCK,UMMULONG CHC,WEST JAINTIA HILLS,,,,,ML,,,,
560,BAMKAMAR,SC,THADLASKEIN BLOCK,UMMULONG CHC,WEST JAINTIA HILLS,,,,,ML,,,,
561,WAHIAJER,SC,THADLASKEIN BLOCK,UMMULONG CHC,WEST JAINTIA HILLS,,,,,ML,,,,
562,MOOKYNDUR,SC,THADLASKEIN BLOCK,UMMULONG CHC,WEST JAINTIA HILLS,,,,,ML,,,,
563,MOODYMMAI,SC,THADLASKEIN BLOCK,UMMULONG CHC,WEST JAINTIA HILLS,,,,,ML,,,,
564,SOHPHOHLAMAI,SC,THADLASKEIN BLOCK,UMMULONG CHC,WEST JAINTIA HILLS,,,,,ML,,,,
565,KHANDULI,SC,THADLASKEIN BLOCK,NAMDONG CHC,WEST JAINTIA HILLS,,,,,ML,,,,
566,SAITSAMA,SC,THADLASKEIN BLOCK,NAMDONG CHC,WEST JAINTIA HILLS,,,,,ML,,,,
567,MOOBAKHON,SC,THADLASKEIN BLOCK,NAMDONG CHC,WEST JAINTIA HILLS,,,,,ML,,,,
568,SONARO,SC,THADLASKEIN BLOCK,NAMDONG CHC,WEST JAINTIA HILLS,,,,,ML,,,,
569,MIHMYNTDU,SC,THADLASKEIN BLOCK,NANGBAH PHC,WEST JAINTIA HILLS,,,,,ML,,,,
570,MUPLIANG,SC,THADLASKEIN BLOCK,NANGBAH PHC,WEST JAINTIA HILLS,,,,,ML,,,,
571,RAKABAH,SC,THADLASKEIN BLOCK,NARTIANG PHC,WEST JAINTIA HILLS,,,,,ML,,,,
572,NONGJNGI,SC,THADLASKEIN BLOCK,NARTIANG PHC,WEST JAINTIA HILLS,,,,,ML,,,,
573,THADBAMON,SC,THADLASKEIN BLOCK,NARTIANG PHC,WEST JAINTIA HILLS,,,,,ML,,,,
574,MYNSNGAT,SC,THADLASKEIN BLOCK,NARTIANG PHC,WEST JAINTIA HILLS,,,,,ML,,,,
575,MYNKREM,SC,THADLASKEIN BLOCK,NARTIANG PHC,WEST JAINTIA HILLS,,,,,ML,,,,
576,NONGLATEM,SC,THADLASKEIN BLOCK,NARTIANG PHC,WEST JAINTIA HILLS,,,,,ML,,,,
577,SOHMYNTING,SC,THADLASKEIN BLOCK,KHLIEHTYRSHI PHC,WEST JAINTIA HILLS,,,,,ML,,,,
578,MUSTEM,SC,THADLASKEIN BLOCK,KHLIEHTYRSHI PHC,WEST JAINTIA HILLS,,,,,ML,,,,
579,MUKHLAWAH,SC,THADLASKEIN BLOCK,KHLIEHTYRSHI PHC,WEST JAINTIA HILLS,,,,,ML,,,,
580,MOOKAIAW,SC,LASKEIN BLOCK,LASKEIN CHC,WEST JAINTIA HILLS,,,,,ML,,,,
581,MOOTYRCHIAH,SC,LASKEIN BLOCK,LASKEIN CHC,WEST JAINTIA HILLS,,,,,ML,,,,
582,RALIANG,SC,LASKEIN BLOCK,LASKEIN CHC,WEST JAINTIA HILLS,,,,,ML,,,,
583,MYNSKA,SC,LASKEIN BLOCK,SHANGPUNG PHC,WEST JAINTIA HILLS,,,,,ML,,,,
584,KHLIEHRYNGNAH,SC,LASKEIN BLOCK,SHANGPUNG PHC,WEST JAINTIA HILLS,,,,,ML,,,,
585,PAMMANIK,SC,LASKEIN BLOCK,SHANGPUNG PHC,WEST JAINTIA HILLS,,,,,ML,,,,
586,KYNDONG TUBER,SC,LASKEIN BLOCK,MYNSO PHC,WEST JAINTIA HILLS,,,,,ML,,,,
587,PHRAMER,SC,LASKEIN BLOCK,MYNSO PHC,WEST JAINTIA HILLS,,,,,ML,,,,
588,PSIAR,SC,LASKEIN BLOCK,SAHSNIANG PHC,WEST JAINTIA HILLS,,,,,ML,,,,
589,MOOSHROT,SC,LASKEIN BLOCK,SAHSNIANG PHC,WEST JAINTIA HILLS,,,,,ML,,,,
590,NONGRYNGKOH,SC,LASKEIN BLOCK,IOOKSI PHC,WEST JAINTIA HILLS,,,,,ML,,,,
591,SAPHAI,SC,LASKEIN BLOCK,IOOKSI PHC,WEST JAINTIA HILLS,,,,,ML,,,,
592,SHILLIANGMYNTANG,SC,LASKEIN BLOCK,BARATO PHC,WEST JAINTIA HILLS,,,,,ML,,,,
593,THANGRAIN,SC,LASKEIN BLOCK,BARATO PHC,WEST JAINTIA HILLS,,,,,ML,,,,
594,MUKROH,SC,LASKEIN BLOCK,BARATO PHC,WEST JAINTIA HILLS,,,,,ML,,,,
595,NONGKYNJANG,SC,NONGSTOIN BLOCK,NONGSTOIN DH,WEST KHASI HILLS,,,,,ML,,,,
596,BYRKI,SC,NONGSTOIN BLOCK,NONGSTOIN DH,WEST KHASI HILLS,,,,,ML,,,,
597,UMIAP,SC,NONGSTOIN BLOCK,NONGSTOIN DH,WEST KHASI HILLS,,,,,ML,,,,
598,MAWKADIANG,SC,NONGSTOIN BLOCK,NONGSTOIN DH,WEST KHASI HILLS,,,,,ML,,,,
599,MAWLANGNIANG,SC,NONGSTOIN BLOCK,NONGSTOIN DH,WEST KHASI HILLS,,,,,ML,,,,
600,SANGRIANG,SC,NONGSTOIN BLOCK,NONGSTOIN DH,WEST KHASI HILLS,,,,,ML,,,,
601,MAWLIEH,SC,NONGSTOIN BLOCK,NONGSTOIN DH,WEST KHASI HILLS,,,,,ML,,,,
602,MAWDUMDUM,SC,NONGSTOIN BLOCK,RAMBRAI PHC,WEST KHASI HILLS,,,,,ML,,,,
603,KYRSHAI,SC,NONGSTOIN BLOCK,RAMBRAI PHC,WEST KHASI HILLS,,,,,ML,,,,
604,MAWDOH,SC,NONGSTOIN BLOCK,RAMBRAI PHC,WEST KHASI HILLS,,,,,ML,,,,
605,MAWRYNNIAW,SC,NONGSTOIN BLOCK,MAWEIT PHC,WEST KHASI HILLS,,,,,ML,,,,
606,PYRKHADOH,SC,NONGSTOIN BLOCK,MAWEIT PHC,WEST KHASI HILLS,,,,,ML,,,,
607,MIANGSANG,SC,NONGSTOIN BLOCK,MAWEIT PHC,WEST KHASI HILLS,,,,,ML,,,,
608,NONGDAJU,SC,MAWSHYNRUT BLOCK,SHALLANG PHC,WEST KHASI HILLS,,,,,ML,,,,
609,RIANGDIM,SC,MAWSHYNRUT BLOCK,SHALLANG PHC,WEST KHASI HILLS,,,,,ML,,,,
610,UMDANG,SC,MAWSHYNRUT BLOCK,SHALLANG PHC,WEST KHASI HILLS,,,,,ML,,,,
611,LANGJA,SC,MAWSHYNRUT BLOCK,NONGLANG PHC,WEST KHASI HILLS,,,,,ML,,,,
612,KYRDUM,SC,MAWSHYNRUT BLOCK,NONGLANG PHC,WEST KHASI HILLS,,,,,ML,,,,
613,MALANGKONA,SC,MAWSHYNRUT BLOCK,ARADONGA PHC,WEST KHASI HILLS,,,,,ML,,,,
614,TYNGHOR,SC,MAWSHYNRUT BLOCK,ARADONGA PHC,WEST KHASI HILLS,,,,,ML,,,,
615,NONGJRI,SC,MAWSHYNRUT BLOCK,RIANGDO CHC,WEST KHASI HILLS,,,,,ML,,,,
616,SEINDULI,SC,MAWSHYNRUT BLOCK,RIANGDO CHC,WEST KHASI HILLS,,,,,ML,,,,
617,UMSOHPIENG,SC,MAWSHYNRUT BLOCK,RIANGDO CHC,WEST KHASI HILLS,,,,,ML,,,,
618,MAWTHENGKUT,SC,MAWSHYNRUT BLOCK,RIANGDO CHC,WEST KHASI HILLS,,,,,ML,,,,
619,UMSHYNRUT,SC,MAWSHYNRUT BLOCK,RIANGDO CHC,WEST KHASI HILLS,,,,,ML,,,,
620,TYNHIANG,SC,MAWSHYNRUT BLOCK,RIANGDO CHC,WEST KHASI HILLS,,,,,ML,,,,
621,MISEI,SC,MAWSHYNRUT BLOCK,RIANGDO CHC,WEST KHASI HILLS,,,,,ML,,,,
622,MAWSYRPAT,SC,MAWSHYNRUT BLOCK,RIANGDO CHC,WEST KHASI HILLS,,,,,ML,,,,
623,LABAN - Lawsohtun SC,SD,,,EAST KHASI HILLS,,,,,ML,,,,
624,"RYNJAH - Nongmynsong SC, Mawlynrei SC",SD,,,EAST KHASI HILLS,,,,,ML,,,,
625,SHASTRI MEMORIAL,SD,,,EAST KHASI HILLS,,,,,ML,,,,
626,NEHRU MEMORIAL,SD,,,EAST KHASI HILLS,,,,,ML,,,,
627,LADY KERR WELFARE CENTRE,SD,,,EAST KHASI HILLS,,,,,ML,,,,
628,JIRANG,SD,,,RI BHOI,,,,,ML,,,,
629,BARAPANI,SD,,,RI BHOI,,,,,ML,,,,
630,"PADU - Nongbareh SC, Khonglah SC",SD,,,WEST JAINTIA HILLS,,,,,ML,,,,
631,RONGRENGRE,SD,,,EAST GARO HILLS,,,,,ML,,,,
632,RONGCHUGRE,SD,,,WEST GARO HILLS,,,,,ML,,,,
633,SAKABOLDAMGRE,SD,,,WEST GARO HILLS,,,,,ML,,,,
634,RAKSAMGRE,SD,,,WEST GARO HILLS,,,,,ML,,,,
635,MAHADEO,SD,,,SOUTH GARO HILLS,,,,,ML,,,,
